hip,magnitude,ra_degrees,dec_degrees
677,2.069999933242798,2.09653333,29.09082805
746,2.2799999713897705,2.29204036,59.15021814
765,3.880000114440918,2.35224949,-45.74698836
1067,2.8299999237060547,3.30895828,15.18361593
1547,8.359999656677246,4.82092175,14.05479812
1562,3.559999942779541,4.85701265,-8.82382948
1599,4.230000019073486,5.00797581,-64.8776232
2021,2.819999933242798,6.41334183,-77.25503511
2081,2.4000000953674316,6.57028075,-42.30512197
2247,9.619999885559082,7.14384042,-16.22578934
2484,4.360000133514404,7.88566992,-62.95808549
2912,4.340000152587891,9.22016239,33.71935227
2920,3.690000057220459,9.24277921,53.89693161
3031,4.340000152587891,9.63958024,29.312369
3092,3.2699999809265137,9.83165567,30.86122579
3179,2.240000009536743,10.12661349,56.53740928
3419,2.0399999618530273,10.89678452,-17.9866841
3479,7.78000020980835,11.11019153,-26.51604473
3693,4.079999923706055,11.83495908,24.26737703
3786,4.440000057220459,12.17039736,7.58520186
3821,3.4600000381469727,12.27125262,57.8165477
3881,4.53000020980835,12.45345723,41.07895474
4422,4.619999885559082,14.16671042,59.18116582
4427,2.1500000953674316,14.17708808,60.71674966
4436,3.859999895095825,14.18790699,38.49925513
4463,4.400000095367432,14.30178237,23.41775997
4577,4.300000190734863,14.65144118,-29.35746436
4906,4.269999980926514,15.73606615,7.89007256
5054,7.71999979019165,16.16782838,-39.48693482
5165,3.319999933242798,16.52127713,-46.71849042
5348,3.940000057220459,17.0960837,-55.24583235
5364,3.4600000381469727,17.14693197,-10.181928
5434,4.260000228881836,17.37550908,47.2418241
5447,2.069999933242798,17.43248991,35.62083048
5529,8.0600004196167,17.6960883,-66.18786313
5586,4.510000228881836,17.91494471,30.08972962
5737,5.210000038146973,18.43250986,7.57548895
5742,4.670000076293945,18.43723014,24.58376482
6193,4.739999771118164,19.86657455,27.26408682
6411,4.869999885559082,20.58497087,45.5287566
6537,3.5999999046325684,21.00604671,-8.18275372
6643,7.119999885559082,21.30145418,28.56707875
6686,2.6600000858306885,21.45251267,60.23540347
6867,3.4100000858306885,22.0914236,-43.31772906
7083,3.930000066757202,22.81242306,-49.07307701
7097,3.619999885559082,22.87080776,15.34583101
7513,4.099999904632568,24.19990413,41.40638491
7588,0.449999988079071,24.42813204,-57.23666007
7607,3.5899999141693115,24.49792651,48.62848641
7884,4.449999809265137,25.35794814,5.48760445
8068,4.010000228881836,25.9150637,50.6887655
8102,3.490000009536743,26.02136441,-15.93955597
8198,4.260000228881836,26.34828629,9.15764102
8645,3.740000009536743,27.86504416,-10.33494526
8796,3.4200000762939453,28.27041595,29.57939727
8832,3.880000114440918,28.38235506,19.29409264
8886,3.3499999046325684,28.59868107,63.67014686
8903,2.640000104904175,28.65978771,20.80829949
9007,3.690000057220459,28.98680207,-51.60958673
9236,2.859999895095825,29.69113269,-61.56992444
9487,3.819999933242798,30.51166929,2.76376048
9640,2.0999999046325684,30.97466283,42.32984832
9677,4.679999828338623,31.12262534,-29.29683966
9884,2.009999990463257,31.79285757,23.46277743
10064,3.0,32.38550383,34.98739204
10670,4.03000020980835,34.32848216,33.84732099
10826,6.46999979019165,34.83661103,-2.97706055
11001,4.079999923706055,35.43759585,-68.6594239
11407,4.239999771118164,36.74627081,-47.70382692
11484,4.300000190734863,37.03965786,8.4600887
11767,1.9700000286102295,37.94614689,89.26413805
12191,7.28000020980835,39.25808932,42.06273007
12225,5.300000190734863,39.35110362,-52.54308845
12387,4.079999923706055,39.87061789,0.3285168
12413,4.739999771118164,39.94966387,-42.89163328
12484,5.210000038146973,40.16491631,-54.54992422
12486,4.110000133514404,40.16638213,-39.85530905
12653,5.400000095367432,40.63816025,-50.80082665
12706,3.4700000286102295,40.82551897,3.23617162
12770,4.239999771118164,41.03064356,-13.85867594
12777,4.099999904632568,41.04869991,49.22866639
12828,4.269999980926514,41.23488901,10.11421979
12843,4.46999979019165,41.27492276,-18.57265077
12961,10.25,41.67791744,-23.08695475
13061,4.519999980926514,41.97683942,29.24742385
13147,4.449999809265137,42.27233113,-32.40628403
13192,8.170000076293945,42.43465843,71.75331104
13209,3.609999895095825,42.49578911,27.26079044
13268,3.7699999809265137,42.67413655,55.89552955
13288,4.760000228881836,42.75977464,-21.0039789
13531,3.930000066757202,43.564427,52.76248991
13701,3.890000104904175,44.10668245,-8.89760976
13847,2.880000114440918,44.5654818,-40.30473491
13884,4.980000019073486,44.69902505,-64.07129717
13954,4.710000038146973,44.92873469,8.90740111
13993,7.809999942779541,45.04445286,-20.80254974
14135,2.5399999618530273,45.56991279,4.08992539
14146,4.079999923706055,45.59830468,-23.62433613
14240,5.119999885559082,45.90376552,-59.73761994
14328,2.9100000858306885,46.19912598,53.50645031
14354,3.319999933242798,46.29373754,38.84053298
14576,2.0899999141693115,47.04220716,40.9556512
14632,4.050000190734863,47.26201363,49.61350009
14668,3.7899999618530273,47.37345463,44.85788896
14838,4.349999904632568,47.90695691,19.72669777
14879,3.799999952316284,48.01783332,-28.98910623
15197,4.800000190734863,48.95844499,-8.8198405
15474,3.700000047683716,49.87904033,-21.7579421
15510,4.260000228881836,49.97177014,-43.07154929
15578,9.920000076293944,50.17703444,-33.73033714
15863,1.7899999618530271,51.08061889,49.86124281
15900,3.609999895095825,51.20349011,9.02906504
16083,3.7300000190734863,51.79217049,9.7327724
16228,4.210000038146973,52.26722684,59.94033461
16537,3.7200000286102295,53.23509009,-9.45830584
16611,4.260000228881836,53.44686638,-21.63281597
16852,4.289999961853027,54.21882896,0.40283316
16870,4.570000171661377,54.2736588,-40.27451075
17096,7.119999885559082,54.93034384,-52.91561462
17358,3.009999990463257,55.7311754,47.7876533
17378,3.5199999809265137,55.81231706,-9.76519868
17440,3.839999914169311,56.04814541,-64.80709398
17448,3.839999914169311,56.07969347,32.28827325
17489,5.449999809265137,56.20084227,24.28957712
17499,3.7200000286102295,56.21884811,24.1134484
17531,4.300000190734863,56.30200876,24.46737879
17573,3.869999885559082,56.45663804,24.36785796
17579,5.760000228881836,56.47693278,24.55462128
17593,4.429999828338623,56.53542672,-12.1017353
17608,4.139999866485596,56.58150135,23.94846207
17651,4.21999979019165,56.71245432,-23.248438
17678,3.259999990463257,56.80929799,-74.23924251
17702,2.8499999046325684,56.87110065,24.10524193
17847,3.619999885559082,57.29054669,24.05352412
17851,5.050000190734863,57.29668368,24.13682565
17874,4.170000076293945,57.36367035,-36.2001125
17884,4.389999866485596,57.38035594,65.52600645
17959,4.590000152587891,57.58948256,71.33236777
18216,4.639999866485596,58.42784574,-24.61221253
18246,2.8399999141693115,58.53299363,31.88365776
18532,2.9000000953674316,59.46342138,40.01027315
18543,2.9700000286102295,59.50720862,-13.50824471
18597,4.559999942779541,59.68640623,-61.40015059
18614,3.9800000190734863,59.74124892,35.79102701
18673,4.619999885559082,59.98115045,-24.01625677
18724,3.4100000858306885,60.17008591,12.49037571
18907,3.910000085830689,60.78907003,5.98930909
19167,4.25,61.64606374,50.35135022
19343,3.9600000381469727,62.16530527,47.71259359
19587,4.039999961853027,62.96638834,-6.8377787
19747,3.849999904632568,63.5003388,-42.29387294
19780,3.3299999237060547,63.60596306,-62.47397888
19812,4.119999885559082,63.72440722,48.40937312
19849,4.429999828338623,63.8234923,-7.64455846
19893,4.260000228881836,64.00621426,-51.48709578
19921,4.440000057220459,64.12118133,-59.30174841
20042,3.549999952316284,64.47341068,-33.79833145
20070,4.599999904632568,64.56073112,50.29563944
20205,3.650000095367432,64.94805793,15.62770031
20455,3.7699999809265137,65.73344722,17.5425843
20535,3.9700000286102295,66.00902233,-34.01698632
20889,3.5299999713897705,67.15388879,19.18052092
20894,3.4000000953674316,67.16531219,15.8709468
21060,5.070000171661377,67.70874038,-44.95374351
21109,8.380000114440918,67.85605428,4.57531865
21248,4.489999771118164,68.3776229,-29.76583186
21281,3.299999952316284,68.49882684,-55.04500559
21393,3.809999942779541,68.88779874,-30.56231049
21421,0.8700000047683716,68.98000195,16.50976164
21444,3.930000066757202,69.07975243,-3.352448
21594,3.859999895095825,69.54529558,-14.303587
21770,4.440000057220459,70.14092957,-41.86357034
21861,5.039999961853027,70.51435953,-37.14476616
22109,4.010000228881836,71.37558764,-3.25462465
22449,3.190000057220459,72.45890935,6.96124744
22491,7.909999847412109,72.57437448,-24.3687954
22509,4.349999904632568,72.65300943,8.90025258
22549,3.680000066757202,72.80152507,5.60510146
22783,4.260000228881836,73.51254425,66.34266029
22797,3.7100000381469727,73.5628985,2.44067149
22845,4.639999866485596,73.7237672,10.15114511
22957,4.059999942779541,74.09300449,13.51457755
23015,2.690000057220459,74.24840098,33.16613537
23040,4.429999828338623,74.32175175,53.75208289
23123,4.46999979019165,74.63709525,1.71403506
23416,3.0299999713897705,75.49222507,43.82331397
23453,3.690000057220459,75.61950025,41.07588953
23467,5.300000190734863,75.67918703,-71.31432608
23522,4.03000020980835,75.854572,60.44228144
23595,4.550000190734863,76.10129897,-35.48287057
23607,4.650000095367432,76.1422432,15.40418059
23685,3.190000057220459,76.36521705,-22.37085673
23693,4.710000038146973,76.37787652,-57.47298928
23767,3.180000066757202,76.62862102,41.23464074
23875,2.7799999713897705,76.96264146,-5.08626282
24003,6.429999828338623,77.40257498,69.63955569
24305,3.2899999618530273,78.2328046,-16.20542901
24327,4.360000133514404,78.30785422,-12.94128833
24436,0.1800000071525573,78.63446353,-8.20163919
24608,0.0799999982118606,79.17206517,45.99902927
24845,4.289999961853027,79.89385817,-13.17677698
25281,3.3499999046325684,81.11923774,-2.39713844
25336,1.6399999856948853,81.28278416,6.34973451
25428,1.649999976158142,81.57290804,28.60787346
25606,2.809999942779541,82.06135971,-20.75923214
25859,3.859999895095825,82.8030645,-35.47043592
25930,2.25,83.00166562,-0.2990934
25985,2.5799999237060547,83.18255798,-17.82229227
26069,3.759999990463257,83.40631813,-62.48985585
26207,3.390000104904175,83.78449043,9.93416294
26241,2.75,83.85825475,-5.90989984
26311,1.690000057220459,84.05338572,-1.20191725
26380,6.690000057220459,84.25720205,-73.69908204
26451,2.9700000286102295,84.41118447,21.14259299
26634,2.6500000953674316,84.91224975,-34.07404941
26727,1.7400000095367432,85.18968672,-1.94257841
27072,3.5899999141693115,86.11656241,-22.44748663
27100,4.340000152587891,86.19341279,-65.7355408
27288,3.549999952316284,86.73895728,-14.82194717
27321,3.849999904632568,86.82118054,-51.06671329
27366,2.069999933242798,86.93911641,-9.66960186
27530,4.5,87.45656999,-56.1664886
27628,3.119999885559082,87.7398034,-35.76929225
27654,3.759999990463257,87.82980343,-20.87751376
27890,4.650000095367432,88.52458376,-63.09102096
27913,4.389999866485596,88.59618305,20.27641498
27989,0.449999988079071,88.79287161,7.40703634
28103,3.7100000381469727,89.10132627,-14.16803805
28199,4.360000133514404,89.38421613,-35.28330688
28328,3.9600000381469727,89.78662719,-42.81510761
28358,3.7200000286102295,89.88145972,54.28498197
28360,1.899999976158142,89.88237261,44.94743492
28380,2.6500000953674316,89.93015897,37.21276409
28614,4.119999885559082,90.59579323,9.64736756
28716,4.639999866485596,90.9799315,20.13845865
28734,4.159999847412109,91.0300689,23.26363207
28910,4.670000076293945,91.53889172,-14.93528629
29034,5.0,91.88180046,-37.25292114
29038,4.420000076293945,91.89300774,14.76852318
29271,5.079999923706055,92.55918047,-74.7525279
29426,4.449999809265137,92.98498656,14.20881425
29550,8.979999542236328,93.39817431,-29.89730323
29651,3.990000009536743,93.71390194,-6.27472737
29655,3.309999942779541,93.71956952,22.50682376
29997,4.760000228881836,94.71158258,69.3200343
30060,4.440000057220459,94.90579498,59.01090518
30122,3.0199999809265137,95.07827982,-30.06337656
30277,3.849999904632568,95.52852147,-33.43627251
30324,1.9800000190734863,95.6749475,-17.95591658
30343,2.869999885559082,95.73996302,22.51385027
30419,4.389999866485596,95.94207368,4.59283881
30438,-0.6200000047683716,95.98787763,-52.69571799
30860,7.889999866485596,97.19059648,38.96309296
30867,3.759999990463257,97.20447548,-7.03305042
30883,4.130000114440918,97.24079361,20.2121672
30905,8.100000381469727,97.30445502,10.93404377
31216,4.46999979019165,98.22595658,7.33297921
31592,3.950000047683716,99.17082883,-19.25570928
31681,1.9299999475479128,99.42792641,16.39941482
31685,3.1700000762939453,99.44029869,-43.19592394
31895,8.050000190734863,100.00709846,-48.54202825
31978,4.659999847412109,100.24442101,9.89576021
32246,3.059999942779541,100.98304088,25.13115531
32349,-1.440000057220459,101.28854105,-16.71314306
32362,3.3499999046325684,101.3226398,12.89605513
32578,4.480000019073486,101.96523679,2.41218914
32607,3.240000009536743,102.04807134,-61.94197988
32916,8.100000381469727,102.87703924,40.86805498
33018,3.5999999046325684,103.1972503,33.96136985
33152,3.890000104904175,103.53314518,-24.18422296
33160,4.079999923706055,103.54783633,-12.03859273
33347,4.360000133514404,104.03427636,-17.05424675
33449,4.349999904632568,104.31916052,58.42305973
33579,1.5,104.65644451,-28.97208931
33694,4.550000190734863,105.0160332,76.97744152
33719,6.289999961853027,105.07543371,-5.3673572
33856,3.490000009536743,105.42979876,-27.93484165
34045,4.110000133514404,105.93955493,-15.63325876
34088,4.010000228881836,106.02723079,20.57029939
34444,1.830000042915344,107.09785853,-26.39320776
34481,3.7799999713897705,107.18676883,-70.49919435
34693,4.409999847412109,107.78496505,30.24528065
34769,4.150000095367432,107.96608486,-0.49278056
35228,3.9700000286102295,109.20762844,-67.95717248
35264,2.7100000381469727,109.28568399,-37.09748689
35350,3.5799999237060547,109.52336162,16.54047526
35550,3.5,110.0307889,21.98233941
35904,2.450000047683716,111.02377104,-29.30311979
36046,3.7799999713897705,111.43198371,27.79828561
36145,4.610000133514404,111.67858726,49.21164489
36188,2.890000104904175,111.78780121,8.28940893
36850,1.5800000429153442,113.65001898,31.88863645
36917,4.650000095367432,113.8455718,-28.36927798
36962,4.059999942779541,113.98071783,26.89600343
37229,3.799999952316284,114.70783872,-26.8038924
37265,4.889999866485596,114.79148501,34.58463287
37279,0.4000000059604645,114.82724194,5.22750767
37284,9.369999885559082,114.84129342,-78.27887587
37447,3.940000057220459,115.31198612,-9.55108315
37677,3.940000057220459,115.95196716,-28.9548352
37740,3.569999933242798,116.11195237,24.39812929
37826,1.159999966621399,116.33068263,28.02631031
38041,8.100000381469727,116.95654757,-54.26346735
38070,4.400000095367432,117.02156206,-25.93718054
38170,3.3399999141693115,117.32357809,-24.85978401
38827,3.4600000381469727,119.19475729,-52.98240062
39429,2.2100000381469727,120.89612561,-40.00318846
39757,2.8299999237060547,121.88625899,-24.30443677
39794,4.349999904632568,121.98266997,-68.61713647
39863,4.360000133514404,122.14857362,-2.98377649
39953,1.75,122.38314727,-47.33661177
40167,4.670000076293945,123.05295353,17.64813756
40526,3.5299999713897705,124.12895101,9.18566295
40687,8.199999809265137,124.59173488,61.46064485
40702,4.050000190734863,124.6302785,-76.91998251
40881,5.920000076293945,125.13395549,24.02235699
41037,1.8600000143051147,125.62860299,-59.50953829
41075,4.25,125.70887544,43.18837233
41312,3.7699999809265137,126.43435936,-66.13652042
41704,3.3499999046325684,127.56679232,60.7184311
42313,4.139999866485596,129.41419739,5.70379868
42402,4.449999809265137,129.68936993,3.34147477
42446,8.229999542236328,129.81613153,12.96060186
42515,3.9700000286102295,130.02556894,-35.30830091
42556,6.289999961853027,130.11263537,19.54484056
42799,4.300000190734863,130.80619315,3.39866539
42806,4.659999847412109,130.82172127,21.46859609
42828,3.680000066757202,130.89811451,-33.18641133
42911,3.940000057220459,131.17129209,18.15486399
42913,1.9299999475479128,131.17582214,-54.70856797
43103,4.03000020980835,131.67430955,28.76000509
43109,3.380000114440918,131.6943593,6.41890691
43234,4.349999904632568,132.10825351,5.83788486
43409,4.019999980926514,132.63338051,-27.71005869
43587,5.960000038146973,133.15055377,28.33138843
43674,8.029999732971191,133.46196515,33.0568802
43813,3.109999895095825,133.84868687,5.9455277
44066,4.260000228881836,134.62165408,11.85777198
44127,3.119999885559082,134.80349479,48.04234956
44248,3.9600000381469727,135.16146765,41.78344401
44382,4.0,135.61166181,-66.39584369
44471,3.569999933242798,135.90649494,47.15665934
44700,4.559999942779541,136.63245022,38.45225024
44816,2.2300000190734863,136.99907126,-43.43262406
44946,5.159999847412109,137.33972475,22.04544728
45238,1.6699999570846558,138.30100329,-69.71747245
45336,3.890000104904175,138.59080529,2.31502422
45556,2.2100000381469727,139.27261834,-59.27526115
45688,3.819999933242798,139.71111394,36.80289763
45860,3.140000104904175,140.26441169,34.39252592
45941,2.4700000286102295,140.52845511,-55.01069531
46146,4.46999979019165,141.16366395,26.18244091
46390,1.9900000095367432,141.8968826,-8.65868335
46471,5.400000095367432,142.16664439,45.6017947
46515,4.510000228881836,142.31140615,-35.9513478
46651,3.5999999046325684,142.67547063,-40.46688763
46733,3.650000095367432,142.88154025,63.06179545
46750,4.320000171661377,142.93016816,22.96806545
46853,3.1700000762939453,143.21802191,51.67860208
46952,4.539999961853027,143.5557374,36.39761338
47087,7.619999885559082,143.9382188,34.7808274
47202,8.229999542236328,144.29920891,-43.27191181
47431,3.900000095367432,144.96389156,-1.14265722
47508,3.5199999809265137,145.28799116,9.89239902
47908,2.9700000286102295,146.4629267,23.77427792
48235,8.539999961853027,147.51031106,-49.79012085
48319,3.7799999713897705,147.74871542,59.03910437
48356,4.110000133514404,147.86951033,-14.84654997
48437,5.070000171661377,148.12696211,-8.10491559
48455,3.880000114440918,148.19149028,26.00708498
48615,4.940000057220459,148.71765461,-19.00926985
48711,8.729999542236328,149.02482314,-3.80846317
48774,3.5199999809265137,149.2156452,-54.5677973
49402,4.599999904632568,151.28121856,-13.06467435
49583,3.4800000190734863,151.83313948,16.76266572
49593,4.489999771118164,151.85718812,35.24469176
49641,4.480000019073486,151.98456489,-0.37162786
49669,1.3600000143051147,152.09358075,11.96719513
49841,3.609999895095825,152.64748785,-12.35383921
50099,3.2899999618530273,153.43449551,-70.03792169
50191,3.849999904632568,153.68447399,-42.12206281
50335,3.430000066757202,154.17251805,23.4173284
50371,3.390000104904175,154.27085535,-61.33231977
50372,3.450000047683716,154.27469564,42.91446855
50583,2.009999990463257,154.99234054,19.84186032
50801,3.059999942779541,155.58251355,41.4994335
51056,4.71999979019165,156.47861301,33.79626364
51069,3.8299999237060542,156.52293768,-16.83609584
51172,4.28000020980835,156.78814953,-31.06780228
51233,4.199999809265137,156.97121865,36.70747818
51362,5.190000057220459,157.36971129,-2.73904701
51437,5.079999923706055,157.57292935,-0.63697208
51576,3.299999952316284,158.0061825,-61.68536031
51839,4.110000133514404,158.86757668,-78.60781379
52419,2.740000009536743,160.73927802,-64.39447937
52521,8.300000190734863,161.0874164,-33.57665467
52633,4.449999809265137,161.44639899,-80.54020283
52727,2.690000057220459,161.69217542,-49.42012517
52943,3.109999895095825,162.40596699,-16.19413208
53229,3.7899999618530273,163.32766612,34.21556641
53253,3.7799999713897705,163.3731926,-58.85326474
53502,4.599999904632568,164.17915128,-37.1374629
53721,5.03000020980835,164.86756582,40.43012281
53740,4.079999923706055,164.94478664,-18.29909723
53910,2.3399999141693115,165.4599615,56.38234478
54061,1.809999942779541,165.93265365,61.75111888
54158,8.210000038146973,166.18516017,-2.51317528
54301,4.619999885559082,166.6353096,-62.42413654
54463,3.930000066757202,167.14748181,-58.97504198
54539,3.0,167.41608092,44.49855337
54682,4.460000038146973,167.91452617,-22.82560642
54751,4.590000152587891,168.15008453,-60.3176307
54872,2.559999942779541,168.52671705,20.52403384
54879,3.3299999237060547,168.56017036,15.4297631
55174,8.050000190734863,169.44848539,-23.97537472
55203,3.7899999618530273,169.5455495,31.5292889
55219,3.490000009536743,169.61981385,33.09423881
55282,3.559999942779541,169.83551103,-14.77904358
55425,3.900000095367432,170.25184266,-54.49101395
55434,4.050000190734863,170.28436733,6.02935289
55642,4.0,170.98070334,10.52969772
55664,9.100000381469728,171.07276204,-1.52868584
55687,4.809999942779541,171.15252245,-10.85938276
55705,4.059999942779541,171.22076335,-17.68401748
56211,3.819999933242798,172.85120199,69.33112161
56243,5.070000171661377,172.9419714,-59.44206384
56343,3.5399999618530273,173.25107936,-31.85752405
56508,6.449999809265137,173.76579331,20.44154823
56572,8.420000076293945,173.96470625,-4.75577838
56633,4.699999809265137,174.17061875,-9.80225368
57283,4.710000038146973,176.19066226,-18.35061467
57291,7.46999979019165,176.21055164,-58.70353973
57363,3.630000114440918,176.40236386,-66.72884344
57370,8.069999694824219,176.42667979,2.82175422
57380,4.039999961853027,176.46487734,6.52981394
57399,3.690000057220459,176.51305887,47.77933701
57632,2.140000104904175,177.26615977,14.57233687
57757,3.5899999141693115,177.67202553,1.76537705
57820,7.860000133514404,177.84384947,57.64077649
57936,4.289999961853027,178.22733867,-33.90813014
58001,2.4100000858306885,178.45725536,53.69473296
58188,5.170000076293945,179.00409802,-17.15080863
58484,4.880000114440918,179.90704708,-78.22181833
58948,4.119999885559082,181.30279,8.73284563
58952,5.78000020980835,181.31141141,76.90595813
59196,2.5799999237060547,182.08976505,-50.72240999
59199,4.019999980926514,182.10313607,-24.72877993
59316,3.0199999809265137,182.53135773,-22.61979211
59449,3.9700000286102295,182.9131309,-52.36841559
59747,2.7899999618530273,183.78648733,-58.74890179
59774,3.319999933242798,183.85603795,57.03259792
59803,2.5799999237060547,183.95194937,-17.5419837
59929,4.059999942779541,184.39431802,-67.96067161
60000,4.239999771118164,184.58726633,-79.31226899
60129,3.890000104904175,184.97663096,-0.66674709
60260,3.5899999141693115,185.34088036,-60.40136988
60644,6.989999771118164,186.44379342,-64.02194007
60718,0.7699999809265137,186.64975585,-63.09905586
60742,4.349999904632568,186.73469831,28.26861975
60823,3.910000085830689,187.01004828,-50.2306048
60965,2.940000057220459,187.4665965,-16.51509397
61084,1.590000033378601,187.79137202,-57.11256922
61177,8.75,188.03150734,74.4896646
61199,3.839999914169311,188.11712896,-72.1329759
61281,3.849999904632568,188.37101041,69.78820992
61317,4.239999771118164,188.43788561,41.35676779
61359,2.6500000953674316,188.59680864,-23.39662306
61585,2.690000057220459,189.29618208,-69.13553358
61789,4.630000114440918,189.96900602,-39.98724188
61932,2.200000047683716,190.38002079,-48.95988553
61941,2.740000009536743,190.41667557,-1.44952231
62223,5.420000076293945,191.28262003,45.44022447
62322,3.0399999618530273,191.57029013,-68.10809405
62423,5.429999828338623,191.89308893,66.79031573
62434,1.25,191.93049537,-59.68873246
62956,1.7599999904632568,193.5068041,55.95984301
63076,5.230000019073486,193.8689797,65.43854743
63090,3.390000104904175,193.90201366,3.39759862
63125,2.890000104904175,194.00767051,38.31824617
63608,2.8499999046325684,195.54483557,10.95910186
63613,3.609999895095825,195.56573968,-71.54879865
64238,4.380000114440918,197.48755015,-5.53892987
64241,4.320000171661377,197.49812263,17.52911621
64394,4.230000019073486,197.97051117,27.87603769
64962,2.990000009536743,199.7302224,-23.17141246
65109,2.75,200.15027321,-36.71208109
65378,2.2300000190734863,200.98091604,54.92541525
65474,0.9800000190734864,201.2983523,-11.16124491
65477,3.990000009536743,201.30589832,54.98799884
65936,3.900000095367432,202.76111861,-39.40727983
66047,7.170000076293945,203.10639192,-47.27105993
66192,8.050000190734863,203.51093354,53.72871964
66249,3.380000114440918,203.673978,-0.59593821
66657,2.2899999618530273,204.97196962,-53.46636269
67275,4.5,206.81681937,17.45677436
67301,1.850000023841858,206.8856088,49.31330288
67464,3.4100000858306885,207.3762392,-41.68765971
67927,2.680000066757202,208.6713175,18.39858742
68002,2.549999952316284,208.88514539,-47.28826634
68245,3.8299999237060542,209.56785278,-42.10070526
68282,3.869999885559082,209.6698807,-44.8035314
68520,4.230000019073486,210.41159648,1.54458338
68702,0.6100000143051147,210.95601898,-60.3729784
68756,3.6700000762939458,211.09760837,64.37580873
68862,4.360000133514404,211.5116084,-41.17958035
68895,3.25,211.59278733,-26.68201883
68933,2.059999942779541,211.67218608,-36.36869575
69427,4.179999828338623,213.22392088,-10.274044
69483,4.53000020980835,213.37062458,51.78999066
69673,-0.050000000745058,213.91811403,19.18726997
69701,4.070000171661377,214.00368717,-5.99952622
69732,4.179999828338623,214.09656821,46.08791894
69974,4.519999980926514,214.77750771,-13.37116634
70090,4.050000190734863,215.13949709,-37.88526711
70497,4.039999961853027,216.30008064,51.85171354
70638,4.309999942779541,216.73225313,-83.66785308
70755,4.809999942779541,217.05091806,-2.22795009
70890,11.010000228881836,217.44894751,-62.68135207
71053,3.569999933242798,217.95774098,30.37114497
71075,3.0399999618530273,218.01982421,38.30788348
71352,2.3299999237060547,218.87688163,-42.15774562
71681,1.350000023841858,219.91412833,-60.83947139
71683,-0.0099999997764825,219.92041034,-60.83514707
71795,3.7799999713897705,220.28716819,13.72833113
71860,2.299999952316284,220.48239101,-47.38814127
71908,3.180000066757202,220.62785433,-64.97456957
71957,3.869999885559082,220.76484284,-5.6574291
72105,2.3499999046325684,221.24687869,27.07417383
72220,3.7300000190734863,221.56246594,1.8929383
72339,8.039999961853027,221.88667704,-0.28113382
72370,3.8299999237060542,221.96552567,-79.04471242
72487,5.760000228881836,222.32781437,46.11639336
72571,4.420000076293945,222.5727779,-27.96021925
72607,2.069999933242798,222.67664751,74.15547596
72622,2.75,222.71990536,-16.04161047
72845,7.800000190734863,223.34583911,18.23548983
73136,6.829999923706055,224.20134602,74.90091329
73273,2.680000066757202,224.63314193,-43.13386699
73334,3.130000114440918,224.79041254,-42.10414199
73555,3.490000009536743,225.48663804,40.39063671
73714,3.25,226.01775793,-25.28185602
74395,3.4100000858306885,228.07167982,-52.09907465
74666,3.4600000381469727,228.87543241,33.31510222
74785,2.609999895095825,229.25196591,-9.38286694
74824,4.070000171661377,229.3790009,-58.80087882
74946,2.869999885559082,229.72787007,-68.67946723
74961,7.880000114440918,229.77582335,41.73364823
75097,3.0,230.1822884,71.83397308
75141,3.2200000286102295,230.34306833,-40.64745946
75177,3.569999933242798,230.45181856,-36.26116729
75264,3.369999885559082,230.67036465,-44.68957314
75323,4.480000019073486,230.84440733,-59.32069839
75411,4.309999942779541,231.12306762,37.37696091
75458,3.2899999618530273,231.2324337,58.96602354
75695,3.660000085830689,231.95771631,29.10549164
76127,4.139999866485596,233.23248309,31.35915517
76267,2.2200000286102295,233.67162293,26.71491041
76276,3.799999952316284,233.7007926,10.53885916
76297,2.799999952316284,233.78525156,-41.16669497
76333,3.910000085830689,233.88141398,-14.78955365
76351,8.710000038146973,233.91704974,-80.20469392
76440,4.110000133514404,234.17994543,-66.31690469
76470,3.5999999046325684,234.25607748,-28.13507099
76600,3.660000085830689,234.66410153,-29.77768935
76852,4.510000228881836,235.38788463,19.67050566
76952,3.809999942779541,235.68599269,26.29551419
77055,4.289999961853027,236.01443312,77.79449901
77070,2.630000114440918,236.06664914,6.42551971
77233,3.650000095367432,236.54672877,15.42192602
77450,4.090000152587891,237.18503586,18.1417793
77512,4.590000152587891,237.39874182,26.06854936
77516,3.5399999618530273,237.40527375,-3.43014112
77622,3.7100000381469727,237.70371344,4.4775798
77634,3.9700000286102295,237.7397573,-33.62710488
77760,4.599999904632568,238.16747684,42.44998796
77952,2.8299999237060547,238.78670013,-63.42974973
78072,3.849999904632568,239.11247598,15.66473327
78104,3.869999885559082,239.22119438,-29.21401221
78159,4.139999866485596,239.39709121,26.87802632
78265,2.890000104904175,239.71300283,-26.1140428
78384,3.4200000762939453,240.03058543,-38.39664079
78401,2.2899999618530273,240.08338225,-22.62162024
78493,4.980000019073486,240.36079431,29.85107821
78527,4.010000228881836,240.4737656,58.56443739
78639,4.650000095367432,240.80358419,-49.22972074
78820,2.559999942779541,241.35931206,-19.80539286
78914,4.730000019073486,241.6225984,-45.17327517
79043,5.0,242.0189437,17.04699349
79101,4.230000019073486,242.19249715,44.93481883
79219,6.570000171661377,242.51635964,26.74265822
79374,4.0,242.99891879,-19.46064684
79431,11.34000015258789,243.17399821,-18.87499082
79593,2.7300000190734863,243.58652601,-3.69397562
79822,4.949999809265137,244.37708768,75.75470385
79882,3.2300000190734863,244.58016994,-4.69260809
79992,3.910000085830689,244.93519958,46.31327084
80000,4.010000228881836,244.96069832,-50.15537923
80047,4.679999828338623,245.08681283,-78.69565609
80076,8.720000267028809,245.15152258,41.04815592
80112,2.9000000953674316,245.29717718,-25.59275259
80170,3.740000009536743,245.48018203,19.15302185
80331,2.7300000190734863,245.99794523,61.51407536
80343,4.480000019073486,246.02582204,-20.03721137
80463,4.570000171661377,246.35387324,14.03341514
80473,4.570000171661377,246.39633811,-23.44711764
80569,4.21999979019165,246.75599294,-18.45619698
80582,4.460000038146973,246.79603256,-47.5547359
80628,4.619999885559082,246.95094563,-8.37170055
80687,6.889999866485596,247.11738999,-13.39964364
80763,1.059999942779541,247.35194804,-26.43194608
80816,2.7799999713897705,247.55525697,21.4896485
80838,8.149999618530273,247.62365236,38.34717994
80883,3.819999933242798,247.72850509,1.98410056
80894,4.289999961853027,247.78497886,-16.61264015
81008,4.840000152587891,248.15165942,11.48823391
81022,7.889999866485596,248.21273185,2.08503855
81065,3.859999895095825,248.36443409,-78.89695917
81126,4.199999809265137,248.52578863,42.43689565
81266,2.819999933242798,248.97066423,-28.21596156
81377,2.5399999618530273,249.28970847,-10.5671518
81693,2.809999942779541,250.32282132,31.60188695
81833,3.4800000190734863,250.72391068,38.92246103
81852,4.230000019073486,250.7725818,-77.51657182
82080,4.210000038146973,251.49233961,82.03725071
82273,1.909999966621399,252.16610742,-69.02763503
82363,3.7699999809265137,252.44629764,-59.04131648
82396,2.2899999618530273,252.54268738,-34.29260982
82514,3.0,252.96766195,-38.04732717
82545,3.559999942779541,253.08397295,-38.01747781
82651,8.380000114440918,253.43156541,11.97378346
82729,3.619999885559082,253.64627156,-42.36075916
83000,3.190000057220459,254.41779418,9.37505626
83081,3.119999885559082,254.65512817,-55.99005508
83153,4.059999942779541,254.89602773,-53.16049005
83207,3.9200000762939458,255.07252582,30.92633926
83547,7.389999866485596,256.12825925,-43.30942598
83608,4.909999847412109,256.3340928,54.46986308
83895,3.1700000762939453,257.19677111,65.71463676
84012,2.430000066757202,257.59442659,-15.72514757
84143,3.319999933242798,258.038233,-43.23849039
84345,2.7799999713897705,258.66192687,14.39025314
84379,3.119999885559082,258.75801735,24.83958739
84380,3.1600000858306885,258.76189282,36.80915527
84405,4.329999923706055,258.83869698,-26.60004896
84787,6.670000076293945,259.96429319,-48.54880892
84970,3.2699999809265137,260.50243371,-24.99948797
85112,4.150000095367432,260.92072033,37.14592396
85258,2.8399999141693115,261.32498828,-55.52982397
85267,3.309999942779541,261.34858274,-56.37768824
85423,4.28000020980835,261.8386001,-29.86669942
85670,2.7899999618530273,262.60823708,52.30135901
85693,4.409999847412109,262.68457505,26.1106045
85696,2.700000047683716,262.69099501,-37.29574016
85727,3.5999999046325684,262.77490395,-60.68360667
85792,2.8399999141693115,262.96050661,-49.87598159
85822,4.349999904632568,263.05373826,86.58632924
85829,4.860000133514404,263.06616249,55.17280674
85927,1.6200000047683716,263.40219373,-37.10374835
86032,2.0799999237060547,263.73335321,12.56057584
86228,1.8600000143051147,264.32969072,-42.99782155
86263,3.5399999618530273,264.39677181,-15.39840835
86414,3.819999933242798,264.86621847,46.00632216
86614,4.570000171661377,265.4846127,72.14949916
86670,2.390000104904175,265.62199908,-39.02992092
86742,2.759999990463257,265.86823714,4.56691684
86782,5.75,265.99651272,53.80175482
86796,5.119999885559082,266.0363211,-51.83358836
86929,3.609999895095825,266.43334347,-64.7237345
86974,3.4200000762939453,266.61549553,27.72249917
87073,2.990000009536743,266.89617137,-40.12698197
87108,3.75,266.97322515,2.70745875
87261,3.190000057220459,267.4643802,-37.04337105
87585,3.7300000190734863,268.38178961,56.87245216
87808,3.859999895095825,269.06324389,37.25052158
87833,2.240000009536743,269.15157439,51.48895101
87933,3.700000047683716,269.44096106,29.24792527
87937,9.539999961853027,269.45402305,4.66828815
88048,3.319999933242798,269.75665662,-9.77334973
88414,9.619999885559082,270.77897929,-28.56055021
88635,2.9800000190734863,271.45218586,-30.42365007
88714,3.650000095367432,271.65782832,-50.09145462
88794,3.839999914169311,271.88562824,28.76247025
88866,4.329999923706055,272.14496186,-63.66804844
89112,4.519999980926514,272.80740093,-45.95432704
89341,3.839999914169311,273.44086963,-21.05883031
89642,3.0999999046325684,274.4072049,-36.76128103
89908,4.21999979019165,275.18933831,71.33772734
89931,2.7200000286102295,275.24842337,-29.82803914
89937,3.549999952316284,275.25974572,72.73369763
89962,3.2300000190734863,275.32883578,-2.897122
90004,7.949999809265137,275.45748495,-11.92251503
90098,4.349999904632568,275.80675239,-61.49390506
90185,1.7899999618530271,276.04310967,-34.3843146
90344,4.820000171661377,276.49578299,65.56354628
90422,3.490000009536743,276.74345947,-45.96832919
90496,2.819999933242798,276.99278955,-25.42124732
90568,4.099999904632568,277.20723319,-49.07003097
90595,4.670000076293945,277.29938301,-14.56580499
90982,4.619999885559082,278.37566714,-42.31245871
91117,3.849999904632568,278.80182442,-8.24330819
91262,0.0299999993294477,279.23410832,38.78299311
91726,4.699999809265137,280.56842553,-9.05255357
91792,4.010000228881836,280.75889095,-71.42772867
91852,6.039999961853027,280.90039215,36.55646483
91919,4.670000076293945,281.08473883,39.66997686
91971,4.340000152587891,281.19306613,37.60505025
92041,3.1700000762939453,281.41397083,-26.9907794
92175,4.21999979019165,281.79365558,-4.74782871
92420,3.5199999809265137,282.51997462,33.36267788
92609,4.21999979019165,283.05431892,-62.18756062
92761,4.860000133514404,283.54239695,-22.7448202
92791,4.21999979019165,283.62620294,36.89860518
92855,2.049999952316284,283.81631956,-26.29659428
92895,8.020000457763672,283.92036782,4.26554316
92946,4.619999885559082,284.05483475,4.20352956
93015,4.400000095367432,284.23766942,-67.23353511
93085,3.5199999809265137,284.43241556,-21.10662433
93194,3.25,284.73593568,32.68955312
93244,4.019999980926514,284.90578844,15.06847757
93429,4.019999980926514,285.42017236,-5.73901832
93506,2.5999999046325684,285.65301428,-29.88011429
93683,3.759999990463257,286.17055765,-21.74135451
93747,2.990000009536743,286.3525518,13.86370983
93805,3.430000066757202,286.56229139,-4.88233456
93825,4.230000019073486,286.60433158,-37.06275714
93864,3.319999933242798,286.73517629,-27.66981416
94005,4.570000171661377,287.08722077,-40.4966376
94114,4.110000133514404,287.36782635,-37.90423953
94141,2.880000114440918,287.44097404,-21.02352534
94160,4.099999904632568,287.50730185,-39.34070677
94376,3.069999933242798,288.13814581,67.66131695
94481,4.429999828338623,288.43953645,39.14596968
94645,6.25,288.88814331,-24.17910471
94779,3.799999952316284,289.27545794,53.36816064
95124,7.550000190734863,290.26775067,-23.61949568
95168,3.9200000762939458,290.41823037,-17.84725155
95241,3.9600000381469727,290.65952718,-44.45891013
95262,7.840000152587891,290.72051567,-32.91804318
95294,4.269999980926514,290.8044192,-44.79964788
95347,3.9600000381469727,290.97146411,-40.61564629
95501,3.359999895095825,291.37396941,3.11457923
95771,4.440000057220459,292.17671261,24.66516482
95853,3.759999990463257,292.42641389,51.72946747
95947,3.049999952316284,292.68035529,27.9596948
96078,8.970000267028809,293.01717645,16.47425232
96100,4.670000076293945,293.08577692,69.66540172
96468,4.360000133514404,294.18031892,-1.28655047
96757,4.389999866485596,295.02409394,18.01393839
96837,4.389999866485596,295.26222378,17.47612356
97165,2.859999895095825,296.24350878,45.13069195
97278,2.7200000286102295,296.56487567,10.61326869
97365,3.680000066757202,296.84693842,18.53425912
97433,3.839999914169311,297.04255658,70.26783533
97649,0.7599999904632568,297.6945086,8.86738491
97804,3.869999885559082,298.11818257,1.00567827
97886,4.570000171661377,298.36533677,24.07952568
97938,4.710000038146973,298.56175736,8.46165027
98036,3.7100000381469727,298.82819233,6.40793334
98066,4.699999809265137,298.95927101,-26.29968718
98337,3.509999990463257,299.68911516,19.49209287
98495,3.9700000286102295,300.14747226,-72.91018443
99240,3.549999952316284,302.17441713,-66.17932101
99473,3.240000009536743,302.82610327,-0.82147569
99711,7.789999961853027,303.4995089,-0.86751441
99848,3.9600000381469727,303.8679927,47.7142053
99894,6.440000057220459,304.02511695,4.58091965
100064,3.5799999237060547,304.5134103,-12.54485877
100310,4.769999980926514,305.16586145,-12.75904403
100345,3.049999952316284,305.25269347,-14.78140119
100453,2.2300000190734863,305.55708346,40.2566815
100751,1.940000057220459,306.41187347,-56.73488071
101093,4.210000038146973,307.39511383,62.99413722
101421,4.03000020980835,308.30318657,11.30333217
101769,3.640000104904175,309.38695734,14.59520289
101772,3.109999895095825,309.39162365,-47.29166239
101958,3.7699999809265137,309.90939395,15.9120527
102098,1.25,310.3579727,45.28033423
102281,4.429999828338623,310.86477381,15.07468224
102333,4.510000228881836,311.00911122,-51.92084051
102395,3.4200000762939453,311.2398153,-66.20323826
102422,3.4100000858306885,311.32195263,61.83679404
102485,4.130000114440918,311.52402547,-25.27051682
102488,2.4800000190734863,311.55180091,33.96945334
102532,4.269999980926514,311.66465833,16.12477326
102618,3.7799999713897705,311.91888574,-9.49568988
102831,4.889999866485596,312.49199793,-33.7796732
102978,4.119999885559082,312.95540084,-26.91912642
102989,6.059999942779541,312.99481827,-33.17796029
103227,3.6700000762939458,313.70241509,-58.4540947
103413,3.940000057220459,314.29338184,41.16719384
103527,5.510000228881836,314.60817904,10.8393695
104139,4.079999923706055,316.48658082,-17.23271095
104382,5.449999809265137,317.19172547,-88.9565112
104521,4.699999809265137,317.58529617,10.13194861
104732,3.2100000381469727,318.23408977,30.22708128
104780,9.779999732971191,318.39937143,14.68938431
104858,4.46999979019165,318.61995883,10.00771855
104987,3.9200000762939458,318.95581976,5.2480739
105199,2.450000047683716,319.64408982,62.58545529
105319,4.389999866485596,319.96618253,-53.44926434
105858,4.210000038146973,321.61038385,-65.36814438
105881,3.7699999809265137,321.66678212,-22.41137838
106032,3.2300000190734863,322.16489595,70.56069481
106278,2.9000000953674316,322.88966951,-5.57115593
106723,4.510000228881836,324.27009487,-19.46601352
106786,4.679999828338623,324.43767522,-7.85414212
106824,8.5600004196167,324.53495597,-31.73728499
106985,3.690000057220459,325.02225935,-16.66225343
107089,3.7300000190734863,325.36863801,-77.38946215
107136,4.690000057220459,325.52358201,51.1896271
107251,8.34000015258789,325.85374453,-7.40825822
107259,4.230000019073486,325.87689561,58.78005308
107315,2.380000114440918,326.04641808,9.87500791
107354,4.139999866485596,326.16126755,25.64500284
107380,4.349999904632568,326.2366159,-33.02555306
107556,2.8499999046325684,326.75952199,-16.12656595
107608,5.019999980926514,326.93405546,-30.89830582
108085,3.0,328.48189202,-37.3648229
108375,7.46999979019165,329.3323871,-37.76333471
108431,4.400000095367432,329.47929577,-54.9925666
108917,4.260000228881836,330.94650782,64.62775425
109074,2.950000047683716,331.44593869,-0.31982656
109111,4.46999979019165,331.52876518,-39.54304903
109139,4.289999961853027,331.60918894,-13.86954013
109176,3.7699999809265137,331.75197729,25.3450461
109268,1.7300000190734863,332.05781838,-46.96061593
109285,4.5,332.0956383,-32.98839827
109410,4.28000020980835,332.49688603,33.17826747
109427,3.5199999809265137,332.54924902,6.197789
109492,3.390000104904175,332.71359131,58.20124992
109754,4.5,333.46958944,39.71488928
109857,4.179999828338623,333.75699582,57.04346522
109937,4.139999866485596,333.9923757,37.74873483
110003,4.170000076293945,334.20819329,-7.78323706
110130,2.869999885559082,334.62574257,-60.25949486
110351,4.550000190734863,335.25636792,46.53656484
110395,3.859999895095825,335.41374983,-1.38735315
110538,4.420000076293945,335.89015172,52.22949951
110609,4.550000190734863,336.1291488,49.47640074
110672,4.800000190734863,336.31921857,1.37739245
110813,7.599999904632568,336.76301886,-17.26340395
110838,4.510000228881836,336.83280453,-64.96637927
110960,3.650000095367432,337.20750231,-0.02006304
110991,4.070000171661377,337.29269975,58.4151899
110997,3.9700000286102295,337.31730866,-43.49555433
111022,4.340000152587891,337.38259473,47.70689488
111104,4.519999980926514,337.62192333,43.12338985
111169,3.759999990463257,337.82239898,50.28244976
111188,4.289999961853027,337.87620651,-32.34602798
111497,4.039999961853027,338.83887054,-0.11736123
111710,5.039999961853027,339.43925419,-4.22776291
111944,4.5,340.12825981,44.27628068
111954,4.179999828338623,340.16385653,-27.0436148
112029,3.4100000858306885,340.36531181,10.83139111
112122,2.069999933242798,340.66639531,-46.88456594
112158,2.930000066757202,340.75053573,30.22130866
112405,4.130000114440918,341.51551393,-81.38161731
112440,3.9700000286102295,341.63267663,23.56567939
112623,3.490000009536743,342.13832136,-51.31670354
112716,4.050000190734863,342.39795761,-13.59253756
112724,3.5,342.42046735,66.20071089
112748,3.509999990463257,342.5004181,24.60168486
112948,4.460000038146973,343.13149128,-32.87545019
112961,3.7300000190734863,343.15360192,-7.57967878
113136,3.2699999809265137,343.6626635,-15.82075994
113246,4.199999809265137,343.98705005,-32.53970196
113357,5.449999809265137,344.36604441,20.7686841
113368,1.1699999570846558,344.41177323,-29.62183701
113638,4.110000133514404,345.22030979,-52.75410562
113726,3.619999885559082,345.48019377,42.32597866
113881,2.440000057220459,345.94305575,28.08245462
113889,4.480000019073486,345.9691938,3.82006998
113963,2.490000009536743,346.1900702,15.20536786
114322,8.59000015258789,347.29316016,-2.26050792
114341,3.680000066757202,347.36150879,-21.17248555
114724,4.21999979019165,348.58055219,-6.0485268
114971,3.700000047683716,349.28955677,3.28224524
114996,3.990000009536743,349.35755018,-58.23592762
115033,4.409999847412109,349.47584844,-9.1824899
115102,4.409999847412109,349.70594501,-32.53183574
115250,4.579999923706055,350.1592632,23.7403592
115438,3.9600000381469727,350.7429228,-20.10034505
115623,4.420000076293945,351.3444225,23.40401243
115738,4.949999809265137,351.73293881,1.25583758
115830,4.269999980926514,351.99236589,6.37909727
116076,5.21999979019165,352.82165645,39.2364018
116084,7.820000171661377,352.83390852,-58.20971914
116231,4.380000114440918,353.2424506,-37.81835895
116584,3.809999942779541,354.3904487,46.45917621
116631,4.289999961853027,354.53407969,43.2680761
116727,3.2100000381469727,354.83742516,77.63196681
116771,4.130000114440918,354.98675133,5.62735374
116805,4.150000095367432,355.10184089,44.33397776
116928,4.489999771118164,355.51200741,1.7804172
117452,4.590000152587891,357.23116631,-28.1300148
118268,4.03000020980835,359.82750994,6.86359373
118319,8.229999542236328,359.97391252,-22.4281803
118322,4.489999771118164,359.97879195,-65.57707774
